{"cameraMode":{"drawMode":0,"name":"Shaded","section":"Shading Mode"},"sceneLighting":false,"audioPlay":false,"sceneViewState":{"showFog":false,"showMaterialUpdate":false,"showSkybox":false,"showFlares":false,"showImageEffects":false,"showParticleSystems":false},"in2DMode":false,"pivot":{"x":1.768012523651123,"y":1.0450760126113892,"z":-0.05880451202392578},"rotation":{"x":-0.08773113042116165,"y":0.8992738723754883,"z":-0.2118016928434372,"w":-0.37249141931533816},"size":1.9023622274398804,"orthographic":false}