{"cameraMode":{"drawMode":0,"name":"Shaded","section":"Shading Mode"},"sceneLighting":false,"audioPlay":false,"sceneViewState":{"showFog":false,"showMaterialUpdate":false,"showSkybox":false,"showFlares":false,"showImageEffects":false,"showParticleSystems":false},"in2DMode":false,"pivot":{"x":0.293154239654541,"y":1.4831628799438477,"z":0.2591496706008911},"rotation":{"x":-0.14741232991218568,"y":0.8519617915153503,"z":-0.33713677525520327,"w":-0.37251874804496767},"size":0.8024937510490418,"orthographic":false}