{"cameraMode":{"drawMode":0,"name":"Shaded","section":"Shading Mode"},"sceneLighting":false,"audioPlay":false,"sceneViewState":{"showFog":false,"showMaterialUpdate":false,"showSkybox":false,"showFlares":false,"showImageEffects":false,"showParticleSystems":false,"showVisualEffectGraphs":true,"m_FxEnabled":true},"in2DMode":false,"pivot":{"x":-0.00026319921016693115,"y":0.010865196585655213,"z":0.020187318325042726},"rotation":{"x":0.11221504211425781,"y":0.6376168131828308,"z":-0.094612255692482,"w":0.756244421005249},"size":1.211706519126892,"orthographic":false}