{"cameraMode":{"drawMode":0,"name":"Shaded","section":"Shading Mode"},"sceneLighting":false,"audioPlay":false,"sceneViewState":{"showFog":false,"showMaterialUpdate":false,"showSkybox":false,"showFlares":false,"showImageEffects":false,"showParticleSystems":false,"showVisualEffectGraphs":true,"m_FxEnabled":true},"in2DMode":false,"pivot":{"x":5.397011756896973,"y":4.883085250854492,"z":0.030230045318603517},"rotation":{"x":0.0032768328674137594,"y":-0.9637847542762756,"z":-0.011547035537660122,"w":-0.26678815484046938},"size":11.051228523254395,"orthographic":false}